"emp_no","dept_no","last_name","first_name"
"110022","d001","Markovitch","Margareta"
"110039","d001","Minakawa","Vishwani"
"110085","d002","Alpin","Ebru"
"110114","d002","Legleitner","Isamu"
"110183","d003","Ossenbruggen","Shirish"
"110228","d003","Sigstam","Karsten"
"110303","d004","Wegerle","Krassimir"
"110344","d004","Cools","Rosine"
"110386","d004","Kieras","Shem"
"110420","d004","Ghazalie","Oscar"
"110511","d005","Hagimont","DeForest"
"110567","d005","DasSarma","Leon"
"110725","d006","Onuegbe","Peternela"
"110765","d006","Hofmeyr","Rutger"
"110800","d006","Quadeer","Sanjoy"
"110854","d006","Pesch","Dung"
"111035","d007","Kaelbling","Przemyslawa"
"111133","d007","Zhang","Hauke"
"111400","d008","Staelin","Arie"
"111534","d008","Kambil","Hilary"
"111692","d009","Butterworth","Tonny"
"111784","d009","Giarratana","Marjo"
"111877","d009","Spinelli","Xiaobin"
"111939","d009","Weedman","Yuchang"
